Code,Authority,Eligible Electors,Verified Ballots,Turnout,Conservative Party-votes,The Labour Party-votes,Liberal Democrats-votes,The Green Party-votes,United Kingdom Independence Party-votes,British National Party-votes,Christian Party Proclaiming Christ's Lordship-votes,Jan Jananayagam-votes,English Democrats Party-votes,No2EU: Yes To Democracy-votes,Socialist Labour Party-votes,Pro Democracy: Libertas.eu-votes,Jury Team-votes,Steven Cheung-votes,The Socialist Party of Great Britain-votes,Yes 2 Europe-votes,Sohale Rahman-votes,Gene Alcantara-votes,Haroon Saad-votes,Total Party Votes,Total Rejected Votes ,Conservative Party-percent good votes,The Labour Party-percent good votes,Liberal Democrats-percent good votes,The Green Party-percent good votes,United Kingdom Independence Party-percent good votes,British National Party-percent good votes,Christian Party Proclaiming Christ's Lordship-percent good votes,Jan Jananayagam-percent good votes,English Democrats Party-percent good votes,No2EU: Yes To Democracy-percent good votes,Socialist Labour Party-percent good votes,Pro Democracy: Libertas.eu-percent good votes,Jury Team-percent good votes,Steven Cheung-percent good votes,The Socialist Party of Great Britain-percent good votes,Yes 2 Europe-percent good votes,Sohale Rahman-percent good votes,Gene Alcantara-percent good votes,Haroon Saad-percent good votes
00AA,City of London,6061,2110,34.8,678,336,399,305,185,47,30,4,23,11,22,9,26,4,3,12,0,1,0,2095,15,32.4,16,19,14.6,8.8,2.2,1.4,0.2,1.1,0.5,1.1,0.4,1.2,0.2,0.1,0.6,0,0,0
00AB,Barking & Dagenham,116203,35914,30.9,4961,11236,1645,1354,5285,6941,1759,386,706,451,386,120,100,88,99,53,66,29,36,35701,211,13.9,31.5,4.6,3.8,14.8,19.4,4.9,1.1,2,1.3,1.1,0.3,0.3,0.2,0.3,0.1,0.2,0.1,0.1
00AC,Barnet,214711,82228,38.3,31869,15534,9071,8100,7682,2295,1801,1234,937,734,598,383,392,335,151,138,222,86,56,81618,435,39,19,11.1,9.9,9.4,2.8,2.2,1.5,1.1,0.9,0.7,0.5,0.5,0.4,0.2,0.2,0.3,0.1,0.1
00AD,Bexley,170287,61595,36.2,18838,8495,4523,3393,12688,7581,1653,378,1826,671,446,328,196,102,111,65,9,25,10,61338,265,30.7,13.8,7.4,5.5,20.7,12.4,2.7,0.6,3,1.1,0.7,0.5,0.3,0.2,0.2,0.1,0,0,0
00AE,Brent,183794,59043,32.1,11994,15583,11370,5007,3240,1250,1974,4867,435,680,540,249,340,137,113,131,350,106,95,58461,621,20.5,26.7,19.4,8.6,5.5,2.1,3.4,8.3,0.7,1.2,0.9,0.4,0.6,0.2,0.2,0.2,0.6,0.2,0.2
00AF,Bromley,230983,87420,37.8,32800,7044,10718,8290,16387,4736,2103,619,1701,609,522,527,300,138,149,124,26,33,13,86839,359,37.8,8.1,12.3,9.5,18.9,5.5,2.4,0.7,2,0.7,0.6,0.6,0.3,0.2,0.2,0.1,0,0,0
00AG,Camden,137738,47148,34.2,10400,11167,10180,8040,2720,1300,747,121,384,412,433,250,188,123,135,104,61,69,36,46870,292,22.2,23.8,21.7,17.2,5.8,2.8,1.6,0.3,0.8,0.9,0.9,0.5,0.4,0.3,0.3,0.2,0.1,0.1,0.1
00AH,Croydon,242405,81375,33.6,25608,14813,7957,7092,10921,3878,3501,3128,1291,724,547,380,293,173,138,157,93,51,65,80810,483,31.7,18.3,9.8,8.8,13.5,4.8,4.3,3.9,1.6,0.9,0.7,0.5,0.4,0.2,0.2,0.2,0.1,0.1,0.1
00AJ,Ealing,216080,73013,33.8,18503,18610,8730,7426,5802,2200,2401,4716,796,684,778,388,386,209,163,175,284,59,114,72424,580,25.5,25.7,12.1,10.3,8,3,3.3,6.5,1.1,0.9,1.1,0.5,0.5,0.3,0.2,0.2,0.4,0.1,0.2
00AK,Enfield,195339,65452,33.5,20345,15385,5398,5876,7916,3145,2281,1194,1014,795,605,290,228,160,160,97,103,56,37,65085,354,31.3,23.6,8.3,9,12.2,4.8,3.5,1.8,1.6,1.2,0.9,0.4,0.4,0.2,0.2,0.1,0.2,0.1,0.1
00AL,Greenwich,156965,50913,32.4,10360,13414,4998,5573,6507,4269,1749,773,1031,603,485,208,172,206,114,85,15,29,40,50631,281,20.5,26.5,9.9,11,12.9,8.4,3.5,1.5,2,1.2,1,0.4,0.3,0.4,0.2,0.2,0,0.1,0.1
00AM,Hackney,139291,44082,31.6,6559,14927,5130,9958,1973,968,1575,101,377,555,742,137,200,133,120,70,86,31,73,43715,367,15,34.1,11.7,22.8,4.5,2.2,3.6,0.2,0.9,1.3,1.7,0.3,0.5,0.3,0.3,0.2,0.2,0.1,0.2
00AN,Hammersmith & Fulham,113409,40751,35.9,15305,8014,5085,4855,2892,1179,902,140,397,337,361,265,217,85,93,136,43,94,35,40435,315,37.9,19.8,12.6,12,7.2,2.9,2.2,0.3,1,0.8,0.9,0.7,0.5,0.2,0.2,0.3,0.1,0.2,0.1
00AP,Haringey,152602,49372,32.4,7396,14093,11550,8528,2164,981,1408,297,339,618,683,96,202,131,219,111,51,69,23,48959,390,15.1,28.8,23.6,17.4,4.4,2,2.9,0.6,0.7,1.3,1.4,0.2,0.4,0.3,0.4,0.2,0.1,0.1,0
00AQ,Harrow,163432,62897,38.5,20793,12135,6054,4181,5837,1835,1558,6856,793,526,371,312,320,151,137,110,269,46,66,62350,516,33.3,19.5,9.7,6.7,9.4,2.9,2.5,11,1.3,0.8,0.6,0.5,0.5,0.2,0.2,0.2,0.4,0.1,0.1
00AR,Havering,176982,61744,34.9,17303,6596,3940,3479,15737,8627,1773,203,1660,783,436,287,211,96,133,63,18,47,12,61404,269,28.2,10.7,6.4,5.7,25.6,14,2.9,0.3,2.7,1.3,0.7,0.5,0.3,0.2,0.2,0.1,0,0.1,0
00AS,Hillingdon,187874,61837,32.9,19854,9623,5714,4023,10033,4689,1469,2433,1305,783,429,316,274,111,98,96,106,51,43,61450,387,32.3,15.7,9.3,6.5,16.3,7.6,2.4,4,2.1,1.3,0.7,0.5,0.4,0.2,0.2,0.2,0.2,0.1,0.1
00AT,Hounslow,164403,50630,30.8,13926,12578,5469,4664,5687,2678,1273,1054,822,583,496,195,256,160,150,99,124,85,55,50354,293,27.7,25,10.9,9.3,11.3,5.3,2.5,2.1,1.6,1.2,1,0.4,0.5,0.3,0.3,0.2,0.2,0.2,0.1
00AU,Islington,132070,42708,32.3,6170,12428,8167,8551,2639,1488,732,128,443,330,503,198,168,163,149,95,25,41,34,42452,255,14.5,29.3,19.2,20.1,6.2,3.5,1.7,0.3,1,0.8,1.2,0.5,0.4,0.4,0.4,0.2,0.1,0.1,0.1
00AW,Kensington & Chelsea,91562,26818,29.3,12940,3181,3106,2774,2227,583,537,70,135,187,201,212,105,38,32,147,33,93,14,26615,202,48.6,12,11.7,10.4,8.4,2.2,2,0.3,0.5,0.7,0.8,0.8,0.4,0.1,0.1,0.6,0.1,0.3,0.1
00AX,Kingston upon Thames,109594,41805,38.1,11850,3079,11658,3824,4795,1450,928,2150,606,364,234,238,150,116,52,73,12,27,20,41626,157,28.5,7.4,28,9.2,11.5,3.5,2.2,5.2,1.5,0.9,0.6,0.6,0.4,0.3,0.1,0.2,0,0.1,0
00AY,Lambeth,192899,58158,30.1,10537,15990,11340,10394,3111,1174,2154,176,488,478,653,281,194,187,158,155,36,46,48,57600,558,18.3,27.8,19.7,18,5.4,2,3.7,0.3,0.8,0.8,1.1,0.5,0.3,0.3,0.3,0.3,0.1,0.1,0.1
00AZ,Lewisham,173461,53412,30.8,8440,13927,7197,9435,4710,2083,2294,1992,734,572,661,243,161,196,227,85,27,30,26,53040,368,15.9,26.3,13.6,17.8,8.9,3.9,4.3,3.8,1.4,1.1,1.2,0.5,0.3,0.4,0.4,0.2,0.1,0.1,0
00BA,Merton,131458,50097,38.1,14376,9986,5833,4945,4883,2200,1504,3960,537,407,356,217,197,118,74,81,35,54,20,49783,309,28.9,20.1,11.7,9.9,9.8,4.4,3,8,1.1,0.8,0.7,0.4,0.4,0.2,0.1,0.2,0.1,0.1,0
00BB,Newham,175997,47994,27.3,7904,19331,2761,3356,2717,2150,2438,3520,558,667,549,172,283,207,146,83,289,284,162,47577,417,16.6,40.6,5.8,7.1,5.7,4.5,5.1,7.4,1.2,1.4,1.2,0.4,0.6,0.4,0.3,0.2,0.6,0.6,0.3
00BC,Redbridge,189133,63530,33.6,17747,14394,5793,4956,7372,2945,1757,4910,902,713,473,243,215,189,111,81,193,39,112,63145,370,28.1,22.8,9.2,7.8,11.7,4.7,2.8,7.8,1.4,1.1,0.7,0.4,0.3,0.3,0.2,0.1,0.3,0.1,0.2
00BD,Richmond upon Thames,128512,53615,41.7,17779,3595,16446,6473,4846,1413,756,147,523,364,266,285,202,78,81,111,18,16,10,53409,202,33.3,6.7,30.8,12.1,9.1,2.6,1.4,0.3,1,0.7,0.5,0.5,0.4,0.1,0.2,0.2,0,0,0
00BE,Southwark,177193,53913,30.4,7951,14958,12348,7606,3645,2174,2047,163,564,526,480,255,140,221,138,109,43,57,42,53467,388,14.9,28,23.1,14.2,6.8,4.1,3.8,0.3,1.1,1,0.9,0.5,0.3,0.4,0.3,0.2,0.1,0.1,0.1
00BF,Sutton,134430,49135,36.6,13112,3190,12836,3134,8257,2926,1241,1664,1056,504,234,235,162,127,66,55,29,38,9,48875,225,26.8,6.5,26.3,6.4,16.9,6,2.5,3.4,2.2,1,0.5,0.5,0.3,0.3,0.1,0.1,0.1,0.1,0
00BG,Tower Hamlets,148971,46017,30.9,10393,16138,5080,5406,2781,2158,756,109,437,626,456,192,341,211,127,77,179,31,93,45591,425,22.8,35.4,11.1,11.9,6.1,4.7,1.7,0.2,1,1.4,1,0.4,0.7,0.5,0.3,0.2,0.4,0.1,0.2
00BH,Waltham Forest,162386,52519,32.3,10279,13204,7069,6664,5529,2552,1982,1493,783,713,539,216,201,202,164,83,255,65,127,52120,378,19.7,25.3,13.6,12.8,10.6,4.9,3.8,2.9,1.5,1.4,1,0.4,0.4,0.4,0.3,0.2,0.5,0.1,0.2
00BJ,Wandsworth,214536,69091,32.2,26819,13041,8240,9050,4441,1588,1598,928,596,430,574,493,235,152,136,166,88,85,42,68702,389,39,19,12,13.2,6.5,2.3,2.3,1.4,0.9,0.6,0.8,0.7,0.3,0.2,0.2,0.2,0.1,0.1,0.1
00BK,Westminster,126863,36783,29,15248,6565,4351,3877,2831,937,655,100,278,318,247,224,229,171,103,157,60,99,35,36485,298,41.8,18,11.9,10.6,7.8,2.6,1.8,0.3,0.8,0.9,0.7,0.6,0.6,0.5,0.3,0.4,0.2,0.3,0.1
H,London,5257624,1763119,33.5,479037,372590,240156,190589,188440,86420,51336,50014,24477,17758,15306,8444,7284,4918,4050,3384,3248,1972,1603,1751026,11374,27.4,21.3,13.7,10.9,10.8,4.9,2.9,2.9,1.4,1,0.9,0.5,0.4,0.3,0.2,0.2,0.2,0.1,0.1
